,x,y,z,eta,phi,energy,trackId
0,179.50383,-23.632137,-7.8782797,-0.043500002,-0.13089974,0.20012644,462412
1,-143.63881,110.21794,-72.706795,-0.39149997,2.4870942,2.7345939,493395
2,179.50383,-23.63212,-146.42961,-0.7395,-0.13089965,0.4239099,1
3,-172.6731,54.44362,-238.06534,-1.0875,2.83616,0.71395034,493640
4,-180.88046,7.897389,-238.06534,-1.0874999,3.0979595,0.0,495225
5,-180.88045,-7.8974385,-238.06534,-1.0875,-3.0979593,0.034490734,495225
6,-152.69838,-97.27959,-265.02054,-1.1744998,-2.5743608,0.5801384,460126
7,-23.63213,179.50381,-325.17206,-1.3485001,1.701696,0.41148692,465028
8,-152.69835,97.279594,89.97778,0.4785,2.5743606,0.18314052,1383
9,-176.7611,39.187016,107.93024,0.56549996,2.9234264,0.33755097,4421
10,-180.88045,7.8973894,107.93024,0.56549996,3.0979595,0.10786802,485440
11,-97.279594,152.69835,126.70012,0.6525,2.1380284,0.0,392
12,-167.27094,69.28591,126.70012,0.6525,2.7488935,3.172689,4415
13,-179.50383,-23.632124,126.70012,0.6525,-3.010693,0.1168842,405763
14,97.27959,152.69835,146.42961,0.7395,1.0035642,1.7811825,22752
15,-167.27095,69.28588,146.42961,0.7395,2.7488937,0.052301235,4415
16,-172.67308,54.443626,167.26813,0.82649994,2.83616,0.25615788,525014
17,-176.7611,39.186993,167.26813,0.82649994,2.9234264,0.16397698,524542
18,39.187,176.7611,189.3735,0.9135,1.3526301,0.31505504,487341
19,69.285904,167.27095,212.91313,1.0005,1.1780972,0.83835447,489618
20,39.187008,176.7611,212.91313,1.0005,1.35263,1.3610926,486543
21,160.59576,83.60086,238.06534,1.0875,0.47996557,0.6189228,483868
22,-167.27094,69.285904,238.06534,1.0875,2.7488935,0.16141072,129652
23,-7.897455,-180.88045,238.06534,1.0875,-1.6144298,0.0027443764,394156
24,97.27957,152.69836,265.02057,1.1745,1.0035644,0.6373178,401279
25,-7.897398,180.88045,265.02057,1.1745,1.6144295,0.035270635,489141
26,143.63882,110.21793,293.98303,1.2615,0.6544984,0.15220317,401291
27,69.285904,167.27095,293.98303,1.2615,1.1780972,0.12133154,-99
28,-115.69138,150.77191,-58.766773,-0.30450004,2.225295,0.24824913,492677
29,168.57095,87.752495,-132.99207,-0.65250003,0.4799656,0.49219218,390452
30,160.28137,102.1105,-153.70132,-0.7395,0.567232,1.1265291,390452
31,150.77194,115.691376,-153.70132,-0.7395,0.65449846,0.06849084,-99
32,188.41801,-24.805716,-153.70132,-0.7395,-0.13089976,0.57255894,1
33,-150.77191,115.69135,-308.58228,-1.2615001,2.4870942,0.0,295699
34,-144.55998,132.46483,-352.148,-1.3485,2.3998277,0.63995904,493457
35,-155.55495,119.3615,-352.148,-1.3485,2.4870942,0.0,-99
36,-87.7525,168.57095,113.29006,0.5655,2.050762,0.6377831,392
37,-102.11051,160.28136,132.99207,0.6525,2.1380284,0.46753514,392
38,-168.57098,87.75249,132.99207,0.6524999,2.661627,0.76977736,4415
39,-175.57764,72.72664,132.99207,0.6525,2.7488935,5.1918387,4415
40,-189.86299,8.289592,132.99207,0.6524999,3.0979595,0.0,4837
41,140.11504,128.39177,153.70132,0.7395,0.7417649,0.0,463023
42,115.69137,150.77193,153.70132,0.73950005,0.91629785,1.3647338,400445
43,102.11051,160.28136,153.70132,0.7395,1.0035642,0.73236966,22749
44,-140.11504,128.39177,153.70132,0.7395,2.3998277,0.30786443,1378
45,-150.77191,115.69139,153.70132,0.73950005,2.4870942,1.1096224,1378
46,115.69136,150.77194,175.57469,0.82650006,0.916298,0.6309859,400445
47,-185.53906,41.133053,175.57469,0.82650006,2.9234264,0.2772858,524542
48,-188.41801,24.805664,175.57469,0.82650006,3.010693,0.70690304,522816
49,150.77191,115.69141,198.77782,0.9135,0.6544987,0.32477084,54
50,115.69137,150.77194,198.77782,0.9135,0.9162979,0.09020524,10909
51,57.1473,181.24805,198.77782,0.9135,1.2653637,0.113540195,486856
52,41.13303,185.53906,198.77782,0.9135,1.3526301,0.46018746,486856
53,-8.289614,189.86299,198.77782,0.91349995,1.6144296,0.03394457,-99
54,72.72665,175.57764,223.48642,1.0005,1.1780972,0.045915533,-99
55,57.147263,181.24806,223.48642,1.0005001,1.2653639,0.19434406,486468
56,102.11049,160.28137,249.88768,1.0874999,1.0035644,0.50304,23008
57,-181.24805,57.147297,249.88768,1.0875,2.83616,0.44622248,45
58,-175.57764,-72.72664,308.58228,1.2615,-2.7488935,0.18418883,413898
59,-25.592651,194.3953,352.148,1.3485,1.7016962,0.20135702,-99
60,98.88778,-189.9616,-9.318868,-0.043500002,-1.0908307,0.0,473293
61,212.32712,-27.953407,-173.20508,-0.7395,-0.13089974,0.39172578,1
62,-27.9534,212.32713,-384.63162,-1.3485,1.701696,0.59545213,493690
63,-157.89478,144.68391,-384.63162,-1.3485001,2.3998277,0.2990219,493457
64,81.95528,-197.85735,9.318867,0.0435,-1.1780969,0.39817563,473293
65,-169.90399,130.3719,86.00164,0.39149997,2.4870944,0.08618446,-99
66,46.352585,209.08286,127.665886,0.56549996,1.35263,0.0895229,-99
67,9.341497,213.95544,127.665886,0.5655,1.527163,1.801742,20925
68,-204.24734,64.39893,127.665886,0.56549996,2.8361602,0.1555511,522477
69,27.953398,212.32712,149.86795,0.6525,1.4398966,0.6829885,20925
70,-115.067726,180.62009,149.86795,0.6525,2.1380286,0.021814816,-99
71,238.95346,-52.974697,-197.95004,-0.73950005,-0.21816611,1.8782262,1
72,-226.12425,93.663765,121.63595,0.4785,2.7488935,0.22807518,15992
73,233.42712,73.59927,321.82724,1.0875,0.30543256,0.027437633,448489
74,-73.59933,-233.42711,397.41928,1.2615001,-1.876229,0.5235124,141037
75,21.311481,161.87674,-391.883,-1.6095,1.4398966,5.067475,483416
76,68.65274,131.8807,-391.883,-1.6965001,1.0908308,0.6360035,495032
77,19.406633,147.408,-391.883,-1.6964997,1.4398966,0.027527606,-99
78,-79.8857,125.3954,-391.883,-1.6964998,2.1380284,0.0,-99
79,-125.39542,79.88569,-391.883,-1.6964997,2.5743606,0.21390255,493903
80,-148.53845,6.48532,-391.883,-1.6964998,3.0979595,0.031304244,-99
81,70.23214,100.30188,-391.883,-1.8799996,0.9599311,0.039588533,496138
82,-31.691324,-118.27373,-391.883,-1.8799998,-1.8325955,0.26231205,526837
83,-99.308426,-46.308277,-391.883,-1.9864999,-2.7052603,0.4180543,527462
84,28.36001,-105.841,-391.883,-1.9865005,-1.3089969,0.023037946,-99
85,96.32045,8.426945,-391.883,-2.1074998,0.08726644,0.11759276,526155
86,-40.86226,87.62937,-391.883,-2.1075003,2.0071287,0.06539292,-99
87,-8.426946,-96.320404,-391.883,-2.1075003,-1.6580628,1.093759,497211
88,83.474106,7.303031,-391.883,-2.2470002,0.08726638,0.18206465,471348
89,-80.93778,-21.687214,-391.883,-2.2470002,-2.8797932,1.9488693,295531
90,-75.94227,-35.412453,-391.883,-2.2469995,-2.7052605,0.40354252,527435
91,-48.06169,-68.63924,-391.883,-2.2469995,-2.1816614,0.06407927,-99
92,-7.303036,-83.47415,-391.883,-2.2469997,-1.6580627,0.13250937,-99
93,75.94226,-35.412476,-391.883,-2.2469995,-0.4363325,0.045178372,-99
94,-40.663445,58.073414,-391.883,-2.4110003,2.1816616,0.29896292,411579
95,-50.13002,-50.130016,-391.883,-2.4110003,-2.3561945,0.25548083,371242
96,-18.348871,-68.47892,-391.883,-2.4109995,-1.8325957,0.45927814,497209
97,29.961348,-64.25233,-391.883,-2.4109995,-1.134464,0.038345236,-99
98,-15.538186,57.989307,-391.883,-2.5749998,1.8325957,0.4230965,411560
99,-57.989326,15.538203,-391.883,-2.5749996,2.8797932,0.49171805,263460
100,-34.43464,-49.17777,-391.883,-2.5749996,-2.1816616,0.2852344,386529
101,-25.371864,-54.410152,-391.883,-2.5749998,-2.0071285,0.4334233,321498
102,5.2323885,-59.806477,-391.883,-2.5750003,-1.4835298,0.3724965,332361
103,35.253292,35.25329,-391.883,-2.759,0.7853981,0.0,-99
104,4.3452125,49.665985,-391.883,-2.7589996,1.4835298,0.20518692,478215
105,-28.596039,40.839375,-391.883,-2.7590003,2.1816616,0.21647614,411872
106,-35.253284,-35.25328,-391.883,-2.7590003,-2.3561945,0.45830256,387826
107,-12.90359,-48.156895,-391.883,-2.759,-1.8325955,0.16628328,335700
108,-4.3452106,-49.66597,-391.883,-2.7589998,-1.6580628,2.1181664,336290
109,4.3452044,-49.66597,-391.883,-2.7589998,-1.4835299,0.76819074,336200
110,45.184624,-21.069948,-391.883,-2.758999,-0.43633255,0.5289303,388317
111,48.15693,-12.903595,-391.883,-2.7589993,-0.2617991,4.847592,526153
112,-34.24215,23.976612,-391.883,-2.9340003,2.5307274,0.19054835,-99
113,-17.666271,-37.885445,-391.883,-2.9339998,-2.0071287,0.33382717,335520
114,-10.819141,-40.377586,-391.883,-2.934,-1.8325957,0.3948202,332120
115,-3.6432738,-41.642845,-391.883,-2.934001,-1.6580627,2.0823696,336472
116,3.6432838,-41.642902,-391.883,-2.9339995,-1.4835298,1.16394,335925
117,37.885456,-17.666283,-391.883,-2.9339995,-0.4363324,0.38033402,526152
118,40.377563,-10.819125,-391.883,-2.9340007,-0.26179913,0.17522344,413054
119,41.64284,-3.6432683,-391.883,-2.934001,-0.08726627,0.35676533,411874
120,-161.87677,21.311451,391.883,1.6094999,3.010693,0.03179769,-99
121,-49.09732,-155.71678,391.883,1.6094999,-1.8762289,3.3767903,404444
122,150.84512,-62.482094,391.883,1.6094999,-0.39269906,0.0856594,-99
123,-141.79858,44.708923,391.883,1.6965,2.83616,0.16101213,474807
124,-148.53844,6.4853177,391.883,1.6965,3.0979595,0.73044825,392227
125,109.61836,-100.4467,391.883,1.6965,-0.74176484,0.1183748,-99
126,130.71274,35.024364,391.883,1.785,0.26179934,0.43986192,448451
127,-134.80884,-11.794246,391.883,1.7850001,-3.0543263,0.48386043,392216
128,110.85074,-77.61857,391.883,1.785,-0.61086553,0.17834893,455042
129,122.645,-57.19033,391.883,1.785,-0.43633252,0.88913214,419044
130,100.301834,70.23211,391.883,1.88,0.6108653,0.011454597,-99
131,100.30183,-70.232124,391.883,1.88,-0.6108654,0.34178832,455042
132,28.36003,105.84105,391.883,1.9864999,1.3089969,0.20889899,278459
133,9.550081,109.15775,391.883,1.9864999,1.4835297,0.26992714,278459
134,-46.308296,99.3084,391.883,1.9865,2.0071287,0.01457517,-99
135,93.393776,25.024796,391.883,2.1075,0.26179948,0.017265532,-99
136,68.36898,68.369,391.883,2.1074998,0.78539836,0.041582152,-99
137,40.862267,87.62941,391.883,2.1074998,1.134464,0.15135434,160
138,-40.862286,87.629395,391.883,2.1075,2.0071287,0.27305022,393739
139,-55.458168,79.20246,391.883,2.1074998,2.1816616,1.2359843,393828
140,-96.32043,8.426939,391.883,2.1074998,3.0543263,0.19603619,164448
141,-93.393776,-25.02479,391.883,2.1075,-2.8797932,0.3072295,490855
142,-8.426937,-96.32043,391.883,2.1074998,-1.6580627,0.27746418,447030
143,79.20245,-55.458176,391.883,2.1075,-0.61086535,0.9965575,507148
144,93.39378,-25.024763,391.883,2.1075,-0.26179913,0.12184823,-99
145,83.47413,7.3030367,391.883,2.247,0.08726642,0.39448467,499435
146,-83.47413,7.303029,391.883,2.247,3.0543263,0.22448437,164448
147,-80.937805,-21.68723,391.883,2.247,-2.8797932,0.5494983,490855
148,-75.94223,-35.41245,391.883,2.247,-2.7052603,1.02042,500321
149,68.63918,-48.061695,391.883,2.247,-0.6108654,0.34391773,415229
150,75.94222,-35.412464,391.883,2.247,-0.43633255,1.8131361,499813
151,80.93781,-21.687202,391.883,2.247,-0.26179916,2.9976103,447714
152,83.47413,-7.3030214,391.883,2.247,-0.087266244,1.2856886,441017
153,70.62479,6.1788616,391.883,2.411,0.08726637,1.7451013,504420
154,68.47889,18.348864,391.883,2.411,0.2617994,1.5271891,423541
155,64.2523,29.961338,391.883,2.411,0.43633232,0.04148924,418132
156,58.073425,40.663452,391.883,2.411,0.61086524,0.12928468,506967
157,-58.073425,40.663452,391.883,2.411,2.5307274,0.22981521,509080
158,-64.2523,-29.961332,391.883,2.411,-2.7052603,1.9710877,490855
159,58.07342,-40.663456,391.883,2.411,-0.61086535,0.47185704,447208
160,64.25229,-29.96135,391.883,2.411,-0.43633252,2.9692314,499813
161,68.47889,-18.34884,391.883,2.411,-0.2617991,1.9700836,503849
162,70.62479,-6.1788573,391.883,2.411,-0.08726631,2.2540247,506061
163,59.806488,5.2323895,391.883,2.575,0.08726646,4.602104,505974
164,57.989296,15.538188,391.883,2.575,0.26179945,1.5439417,507296
165,54.410133,25.371864,391.883,2.575,0.43633235,0.5205852,418132
166,-34.43462,49.177746,391.883,2.575,2.1816616,0.14908955,476361
167,-49.177742,34.434628,391.883,2.575,2.5307274,0.37545604,513100
168,-59.806488,-5.232395,391.883,2.575,-3.054326,0.03168239,-99
169,-54.410133,-25.371864,391.883,2.575,-2.7052603,0.2470565,420072
170,25.371857,-54.410133,391.883,2.575,-1.1344641,0.35528085,160401
171,49.17774,-34.434635,391.883,2.575,-0.61086535,1.1128097,78741
172,54.410126,-25.37187,391.883,2.575,-0.4363325,3.1633844,504310
173,57.9893,-15.538175,391.883,2.575,-0.2617992,8.32267,506789
174,59.806488,-5.232375,391.883,2.575,-0.08726622,0.61741686,503919
175,49.665962,4.3452034,391.883,2.759,0.087266356,1.494439,507258
176,48.156887,12.903603,391.883,2.759,0.26179945,0.15741085,503793
177,45.18459,21.06992,391.883,2.759,0.4363323,0.9779815,502878
178,40.839382,28.59604,391.883,2.759,0.61086524,1.3842897,512032
179,35.25329,35.25329,391.883,2.759,0.7853982,0.6674751,502830
180,21.069918,45.18459,391.883,2.759,1.134464,1.2189164,431278
181,-12.9036,48.156887,391.883,2.759,1.8325957,0.30974245,409182
182,-21.069925,45.18459,391.883,2.759,2.0071287,0.39871287,476415
183,-40.83938,28.596045,391.883,2.759,2.5307274,0.18060125,473819
184,-49.665962,4.3452034,391.883,2.759,3.0543263,0.82387054,518339
185,-48.156887,-12.903598,391.883,2.759,-2.8797932,0.20500937,518339
186,-40.839386,-28.596037,391.883,2.759,-2.5307276,0.24015458,463340
187,-35.25329,-35.25329,391.883,2.759,-2.3561945,0.07856005,-99
188,28.59604,-40.839386,391.883,2.759,-0.9599312,0.24120359,433737
189,40.839375,-28.596048,391.883,2.759,-0.61086535,4.5981627,88709
190,45.184586,-21.069927,391.883,2.759,-0.43633246,2.939809,440691
191,48.15689,-12.903591,391.883,2.759,-0.26179922,2.4989898,517900
192,49.665962,-4.3452034,391.883,2.759,-0.087266356,2.1621842,503212
193,40.377586,10.819139,391.883,2.934,0.2617993,0.1841052,90023
194,34.242153,23.976614,391.883,2.934,0.61086524,1.0534822,433612
195,29.55844,29.558449,391.883,2.934,0.78539836,1.5519527,433612
196,-17.666273,37.885433,391.883,2.934,2.0071287,0.516965,473881
197,-34.242157,23.976612,391.883,2.934,2.5307274,0.31126776,476739
198,-41.642883,3.6432767,391.883,2.934,3.0543263,0.17161663,490883
199,29.55844,-29.558449,391.883,2.934,-0.78539836,0.24175577,389165
200,37.88543,-17.666277,391.883,2.934,-0.43633255,4.067425,499291
201,41.642883,-3.6432729,391.883,2.934,-0.08726629,0.3591359,95798
202,25.809408,196.0419,-391.88297,-1.4354998,1.4398966,0.1197812,-99
203,-106.24215,166.76675,-391.883,-1.4354999,2.1380284,0.25730482,493457
204,-120.37254,156.87253,-391.883,-1.4355,2.2252948,0.6586762,493457
205,-188.58176,59.45962,-391.88303,-1.4355003,2.83616,0.17597586,-99
206,106.24216,-166.76678,-391.88297,-1.4354997,-1.0035644,0.055439405,-99
207,-84.71461,162.73521,-400.458,-1.5224998,2.050762,0.4857734,38526
208,-174.97342,55.168938,-400.45798,-1.5224998,2.83616,0.35067227,493904
209,-131.0959,83.517296,-409.698,-1.6964997,2.5743606,0.088383034,-99
210,-115.89,81.14706,-409.698,-1.7850002,2.5307274,0.19177163,493903
211,-54.10034,116.01853,-409.698,-1.8800004,2.0071287,0.110503964,-99
212,-116.01856,54.10035,-409.698,-1.8800001,2.7052603,0.0,-99
213,123.6504,-33.132,-409.698,-1.8800002,-0.2617992,0.0,-99
214,81.00333,81.00334,-409.698,-1.9864998,0.7853983,0.0,-99
215,-93.83877,65.70663,-409.698,-1.9864999,2.5307274,0.079016924,-99
216,-91.61301,-42.719845,-409.698,-2.1075003,-2.7052603,0.0,478345
217,87.26886,7.635032,-409.698,-2.247,0.08726642,0.16189183,-99
218,37.022312,79.394615,-409.698,-2.2469995,1.134464,0.062012013,-99
219,22.67312,84.61723,-409.698,-2.2470002,1.3089969,0.2368576,119
220,-87.268875,7.6350255,-409.698,-2.2469997,3.0543263,0.23364972,-99
221,-31.323383,-67.17323,-409.698,-2.4109998,-2.0071285,0.4789501,497209
222,-44.38097,44.380966,-409.698,-2.5749993,2.3561945,0.2024175,-99
223,36.855892,36.855896,-409.698,-2.7590003,0.78539824,0.19498546,386673
224,-4.5427427,-51.923737,-409.698,-2.7590008,-1.6580628,1.5182332,334419
225,13.490198,-50.346107,-409.698,-2.7589998,-1.3089969,0.15766165,321231
226,-36.94543,-166.64983,409.698,1.6094999,-1.7889627,0.039034437,-99
227,94.62522,123.31801,409.698,1.6965,0.9162979,0.10985488,-99
228,94.62524,-123.31799,409.698,1.6965,-0.9162978,0.0,-99
229,123.318,-94.62522,409.698,1.6965,-0.6544984,0.054439455,-99
230,155.29099,-6.780163,409.698,1.6965,-0.04363331,0.0,-99
231,115.89003,-81.147095,409.698,1.7849998,-0.61086535,1.8984658,455042
232,90.51837,-90.5184,409.698,1.88,-0.78539836,1.5242187,455042
233,104.86155,-73.424866,409.698,1.88,-0.61086535,3.2393305,455042
234,-48.413464,103.822975,409.698,1.9865,2.0071287,1.8193249,392985
235,-114.12006,9.984201,409.698,1.9865,3.0543263,0.9354154,491579
236,114.12006,-9.98419,409.698,1.9865,-0.087266274,0.0,-99
237,100.69915,8.810032,409.698,2.1075,0.087266445,0.1736003,499357
238,42.71986,91.61304,409.698,2.1075,1.134464,1.5413882,160
239,26.162424,97.63945,409.698,2.1075,1.3089968,0.16655219,-99
240,-42.719856,91.61304,409.698,2.1075,2.0071287,0.96480155,392985
241,-100.69915,8.810013,409.698,2.1075,3.0543263,0.13741308,491579
242,-8.810035,-100.69915,409.698,2.1075,-1.6580628,0.45851573,161841
243,82.80299,-57.979305,409.698,2.1075,-0.6108654,1.0669403,96181
244,91.61303,-42.719875,409.698,2.1075,-0.43633246,0.57106715,88699
245,97.63946,-26.162397,409.698,2.1075,-0.26179922,0.21894166,-99
246,87.26886,7.635039,409.698,2.247,0.0872665,0.3118981,499293
247,84.61724,22.673107,409.698,2.247,0.26179922,0.5070269,441017
248,-84.61724,-22.673132,409.698,2.247,-2.8797932,0.47025695,133
249,37.022285,-79.39457,409.698,2.247,-1.1344641,0.0,-99
250,71.75952,-50.246582,409.698,2.247,-0.6108655,0.48551017,415229
251,87.26886,-7.635025,409.698,2.247,-0.08726634,0.17547986,113
252,52.40893,52.408943,409.698,2.411,0.7853983,1.1186543,502701
253,-42.512016,60.713444,409.698,2.411,2.1816616,0.104349285,-99
254,-52.408943,52.408936,409.698,2.411,2.3561945,0.29714483,513100
255,52.408928,-52.40895,409.698,2.411,-0.7853984,0.27564278,-99
256,67.1732,-31.323397,409.698,2.4109998,-0.43633255,3.439902,113
257,71.59195,-19.182991,409.698,2.4109998,-0.2617992,4.0253954,499284
258,73.835396,-6.4597435,409.698,2.411,-0.08726624,3.816868,503326
259,62.52529,5.4702544,409.698,2.575,0.08726647,2.5796704,499294
260,60.625492,16.244549,409.698,2.575,0.26179934,0.61160165,499294
261,56.88362,26.52527,409.698,2.575,0.43633235,0.2710143,418132
262,56.883617,-26.525276,409.698,2.575,-0.43633243,4.8589377,438396
263,60.625496,-16.244543,409.698,2.575,-0.26179925,14.275247,500927
264,62.525295,-5.470247,409.698,2.575,-0.08726634,0.596364,503326
265,51.923775,4.5427384,409.698,2.759,0.0872664,1.06112,503020
266,47.238678,22.027756,409.698,2.759,0.4363323,0.23546594,500320
267,36.855896,36.855907,409.698,2.759,0.78539836,0.3219511,512032
268,29.896017,42.69594,409.698,2.759,0.9599311,0.4448442,512032
269,-13.490197,50.3461,409.698,2.759,1.8325957,0.2425855,409182
270,-22.027763,47.238678,409.698,2.759,2.0071287,0.69466853,476361
271,-29.896023,42.695934,409.698,2.759,2.1816616,0.6484762,476361
272,-42.695934,29.896023,409.698,2.759,2.5307274,0.45181292,476739
273,-51.923775,4.542735,409.698,2.759,3.0543263,0.1796443,-99
274,22.027748,-47.238686,409.698,2.759,-1.1344643,0.21148834,433737
275,47.238674,-22.027771,409.698,2.759,-0.43633258,15.039412,512231
276,50.3461,-13.490182,409.698,2.759,-0.2617991,16.079231,507175
277,51.923775,-4.5427356,409.698,2.759,-0.08726635,8.462244,500466
278,11.310981,42.213146,409.698,2.9340003,1.3089969,1.0079032,469690
279,43.53597,-3.808895,409.698,2.934,-0.08726627,1.1693983,79439
280,-227.5367,-50.443672,-461.898,-1.4355,-2.9234264,0.101494655,-99
281,-173.56097,90.35011,-427.098,-1.5224999,2.661627,0.111417316,260403
282,-167.74911,69.48396,-435.79797,-1.6094997,2.7488935,0.29531485,260403
283,-173.16669,54.599266,-435.798,-1.6094998,2.83616,0.10064642,-99
284,88.83781,-139.44739,-435.798,-1.6965,-1.0035642,0.0,-99
285,11.867786,-135.64926,-435.798,-1.88,-1.4835298,0.04394783,-99
286,-39.380825,-84.452484,-435.798,-2.2469995,-2.0071285,0.9465395,366036
287,32.6537,70.0261,-427.098,-2.4109995,1.134464,0.0,-99
288,19.997715,74.63249,-427.098,-2.4109998,1.3089969,0.46154344,119
289,-32.65369,-70.02608,-427.098,-2.4109998,-2.0071285,0.40951997,366036
290,54.129013,4.735676,-427.098,-2.7589998,0.08726648,0.0,411874
291,-54.128998,-4.7356772,-427.098,-2.7589998,-3.054326,0.72387993,321242
292,52.48428,-14.063111,-427.098,-2.7590008,-0.26179922,0.5124468,411874
293,-11.791372,44.005993,-427.098,-2.933999,1.8325957,0.49742755,411872
294,-171.83072,157.45384,461.898,1.4355,2.3998277,0.01904913,-99
295,-58.83894,186.6133,427.098,1.5225,1.8762289,0.113184825,-99
296,181.39746,7.919998,435.798,1.6094999,0.04363331,0.11343543,-99
297,165.18388,7.212088,435.798,1.6965,0.043633256,0.037026655,-99
298,111.70293,121.90236,435.798,1.6965,0.8290314,0.04437546,-99
299,76.346115,-146.65947,435.798,1.6965,-1.0908307,0.104924224,-99
300,-131.52762,-35.24273,435.798,1.88,-2.8797932,0.1760761,518832
301,99.8168,-69.8925,435.798,1.9864999,-0.61086535,0.39788088,455042
302,-45.44135,97.449295,435.798,2.1075,2.0071287,2.0041494,392985
303,-88.07802,-61.672886,435.798,2.1075,-2.5307274,0.0,-99
304,76.030525,-76.030525,435.798,2.1075,-0.7853982,0.4612523,455042
305,97.44929,-45.44138,435.798,2.1075,-0.43633255,0.7392034,438396
306,-90.00782,-24.117529,435.798,2.247,-2.8797932,0.8587309,133
307,-65.890305,-65.8903,435.798,2.247,-2.3561945,0.431892,490855
308,84.45243,-39.380836,435.798,2.247,-0.43633252,0.64375085,114
309,-54.634766,54.634758,427.098,2.411,2.3561945,0.18146527,-99
310,54.634754,-54.63477,427.098,2.411,-0.7853983,0.080682606,-99
311,70.02606,-32.65371,427.098,2.411,-0.43633255,6.7343984,114
312,74.63248,-19.997696,427.098,2.411,-0.2617992,6.0250044,114
313,76.97121,-6.734092,427.098,2.4109998,-0.08726626,0.19097094,113
314,59.299484,27.651808,427.098,2.575,0.43633237,0.041875135,-99
315,53.596905,-37.528965,427.098,2.575,-0.61086535,2.1335945,78741
316,59.29948,-27.65181,427.098,2.575,-0.43633243,0.6194808,114
317,63.20028,-16.93445,427.098,2.575,-0.2617992,7.718068,507175
318,65.18076,-5.7025604,427.098,2.575,-0.0872662,1.7271934,85886
319,-49.24492,22.963287,427.098,2.759,2.7052603,0.4421125,476739
320,22.963285,-49.24492,427.098,2.759,-1.134464,0.71987444,433737
321,49.244915,-22.963293,427.098,2.759,-0.43633252,3.5714717,438396
322,52.484314,-14.063117,427.098,2.759,-0.26179916,4.0202446,499365
323,54.128994,-4.735663,427.098,2.759,-0.087266274,1.4008439,113
324,45.384953,3.9706707,427.098,2.934,0.087266505,0.00728597,79439
325,41.289856,19.253775,427.098,2.934,0.4363323,0.5422612,500320
326,-26.13118,37.319187,427.098,2.934,2.1816616,0.16376515,468423
327,-37.319183,26.131182,427.098,2.934,2.5307274,0.1655107,-99
328,-37.319187,-26.131176,427.098,2.934,-2.5307274,0.8510869,442251
329,-56.712574,-255.81352,-470.598,-1.3485,-1.7889627,0.0,-99
330,-11.429435,-261.77524,-470.59796,-1.3484997,-1.6144298,0.0,-99
331,-156.01724,142.96344,-461.898,-1.5224999,2.399828,0.074463755,-99
332,-52.69675,167.13275,-461.898,-1.6965,1.8762289,0.0,-99
333,113.5293,-9.932498,-461.898,-2.1075003,-0.087266214,0.060299538,-99
334,98.387886,8.607819,-461.898,-2.2469997,0.0872664,0.023280788,-99
335,-8.394356,-192.26138,461.898,1.6094999,-1.6144297,0.059550665,-99
336,-67.06282,161.90395,461.898,1.6964998,1.9634954,0.052570492,-99
337,-118.22207,-82.77998,461.898,1.8800001,-2.5307274,0.0,-99
338,-105.79485,74.07836,461.898,1.9865,2.5307274,0.014450824,-99
339,128.66022,-11.256276,461.898,1.9865,-0.0872662,0.26288137,114
340,-113.52933,9.932505,461.898,2.1075,3.0543263,0.32762524,130350
341,80.90247,-56.648544,461.898,2.247,-0.6108654,0.50984555,146867
342,89.5103,-41.73936,461.898,2.247,-0.43633252,0.38227502,114
343,65.870476,-46.123016,444.498,2.411,-0.61086535,0.0,-99
344,72.87893,-33.98402,444.498,2.411,-0.43633252,1.6418785,114
345,77.673004,-20.812399,444.498,2.411,-0.26179913,2.2054367,114
346,80.10702,-7.008437,444.498,2.411,-0.08726623,0.48379993,114
347,67.83623,5.934901,444.498,2.575,0.08726647,0.37738687,130345
348,61.715343,-28.778353,444.498,2.5749998,-0.43633252,0.19723749,-99
349,65.77506,-17.624355,444.498,2.575,-0.2617991,1.1258004,438396
350,67.83623,-5.934892,444.498,2.575,-0.08726633,0.76592267,113
351,52.709927,4.611515,444.498,2.825,0.08726635,3.090229,499286
352,51.108368,13.694446,444.498,2.825,0.2617994,0.29389197,468417
353,30.348658,43.342373,444.498,2.825,0.9599311,0.09601825,296101
354,-43.34237,30.348663,444.498,2.825,2.5307274,1.1109934,473819
355,-47.9539,22.361269,444.498,2.825,2.7052603,0.2259528,473819
356,-51.10836,-13.6944475,444.498,2.825,-2.8797932,1.2610518,473819
357,47.95389,-22.361279,444.498,2.825,-0.43633252,0.14927548,-99
358,51.108364,-13.694431,444.498,2.825,-0.26179913,1.7807748,499286
359,52.709927,-4.611507,444.498,2.825,-0.0872662,2.6743877,499294
360,-103.233154,198.30899,-487.99802,-1.5225003,2.050762,0.0,-99
361,198.30908,-103.23316,-487.998,-1.5224999,-0.4799655,0.12319321,-99
362,-131.80006,-35.315727,-487.998,-1.9865003,-2.8797932,0.14727801,-99
363,-73.78269,-73.782684,-487.998,-2.2469995,-2.3561945,0.084894024,-99
364,64.1312,29.904873,-461.898,-2.5750003,0.43633235,0.0,-99
365,14.230528,53.10907,-461.898,-2.824999,1.308997,0.51235217,386674
366,4.792048,54.773293,-461.898,-2.8249998,1.4835298,0.93098354,386674
367,-206.55177,85.556564,487.998,1.5225,2.7488935,0.16220504,-99
368,8.868628,203.12529,487.998,1.6095,1.5271631,0.021889925,-99
369,-107.81793,107.81793,487.998,1.8799999,2.3561945,0.07772702,-99
370,103.94737,-9.094194,487.998,2.247,-0.08726625,0.7681707,218
371,68.44899,-47.928516,461.898,2.411,-0.61086535,0.50687206,218
372,75.7318,-35.31433,461.898,2.411,-0.43633246,2.0923572,114
373,80.71354,-21.6271,461.898,2.411,-0.26179907,2.4075887,218
374,64.1312,-29.904888,461.898,2.5750003,-0.43633255,2.585601,114
375,68.349846,-18.314272,461.898,2.575,-0.2617992,14.413146,468417
376,54.773277,4.792046,461.898,2.825,0.08726656,0.34346208,499286
377,53.10902,14.230522,461.898,2.825,0.26179945,0.7044699,499286
378,49.83107,23.23661,461.898,2.825,0.43633232,0.105548136,-99
379,45.03903,31.536665,461.898,2.825,0.61086524,0.42343327,468417
380,31.536669,45.03903,461.898,2.825,0.9599311,0.14572953,-99
381,23.236607,49.83107,461.898,2.825,1.134464,1.1348864,296101
382,-38.8785,38.878498,461.898,2.825,2.3561945,1.3794689,473819
383,-45.039032,31.536663,461.898,2.825,2.5307274,0.19034004,-99
384,45.03903,-31.53667,461.898,2.825,-0.61086524,0.45076704,512230
385,49.831062,-23.236626,461.898,2.825,-0.43633264,0.2812374,218
386,53.10902,-14.230506,461.898,2.825,-0.26179916,2.3254666,499286
387,54.773277,-4.792028,461.898,2.825,-0.08726623,0.43243065,499286
388,8.651848,198.16017,-522.798,-1.6964998,1.5271631,0.0,-99
389,-42.93056,193.6473,-522.798,-1.6964998,1.7889624,0.023045609,-99
390,147.88226,103.54829,-522.798,-1.7850001,0.61086524,0.0,-99
391,15.734329,179.844,-522.798,-1.7849998,1.4835298,0.050981816,-99
392,115.50661,115.506615,-522.798,-1.8800001,0.78539824,0.0,-99
393,-93.69427,133.8093,-522.798,-1.8800002,2.1816616,0.0,-99
394,24.549612,-52.646805,-487.998,-2.8250003,-1.134464,0.390123,386526
395,147.1556,-160.59213,522.798,1.6095,-0.82903135,0.0,-99
396,134.0026,146.23817,522.798,1.6965001,0.8290314,0.0,-99
397,103.36483,-103.36486,522.798,1.9865,-0.7853983,0.0,-99
398,61.239296,-42.880234,487.998,2.575,-0.6108654,1.0685372,506473
399,67.755005,-31.594698,487.998,2.575,-0.43633255,3.5982513,218
400,72.21202,-19.34914,487.998,2.575,-0.26179922,2.8958821,218
401,74.47491,-6.5157,487.998,2.575,-0.087266326,0.896373,431278
402,57.86829,5.062816,487.998,2.825,0.08726641,0.17966475,-99
403,52.646816,24.549612,487.998,2.825,0.4363323,1.121154,169732
404,47.584,33.318676,487.998,2.825,0.61086524,0.3730953,169732
405,24.549614,52.64682,487.998,2.825,1.134464,0.67783654,296101
406,-24.549618,52.646816,487.998,2.825,2.0071287,0.7809178,512030
407,-47.583992,33.31868,487.998,2.825,2.5307274,0.044208683,87602
408,24.549608,-52.64682,487.998,2.825,-1.1344641,0.2157481,512230
409,33.318672,-47.584,487.998,2.825,-0.95993114,1.5364621,512230
410,52.646812,-24.54963,487.998,2.825,-0.43633258,0.1984265,506473
411,56.109993,-15.034612,487.998,2.825,-0.26179913,3.257147,499286
412,-60.1113,16.106781,-522.798,-2.8249998,2.8797932,0.26639625,335106
413,-6.980356,-79.78583,522.798,2.575,-1.6580628,0.041934963,-99
414,77.36158,-20.728952,522.798,2.575,-0.26179913,0.0,130357
415,61.994976,5.423858,522.798,2.825,0.087266475,2.6192074,449551
416,-50.977295,35.69469,522.798,2.825,2.5307274,0.0,-99
417,-35.694687,-50.9773,522.798,2.825,-2.1816616,0.53157926,255081
418,-16.10677,-60.111294,522.798,2.825,-1.8325956,0.142253,-99
419,60.111294,-16.106758,522.798,2.825,-0.26179916,2.0927284,130357
